{"cameraMode":{"drawMode":0,"name":"Shaded","section":"Shading Mode"},"sceneLighting":true,"audioPlay":false,"sceneViewState":{"m_AlwaysRefresh":false,"showFog":true,"showSkybox":true,"showFlares":true,"showImageEffects":true,"showParticleSystems":true,"showVisualEffectGraphs":true,"m_FxEnabled":true},"in2DMode":false,"pivot":{"x":-0.7478408813476563,"y":0.5416326522827148,"z":0.40886497497558596},"rotation":{"x":-0.08598347753286362,"y":0.8940063714981079,"z":-0.19505053758621217,"w":-0.3941015303134918},"size":6.607396125793457,"orthographic":false}