{"cameraMode":{"drawMode":0,"name":"Shaded","section":"Shading Mode"},"sceneLighting":true,"audioPlay":false,"sceneViewState":{"m_AlwaysRefresh":false,"showFog":true,"showSkybox":true,"showFlares":true,"showImageEffects":true,"showParticleSystems":true,"showVisualEffectGraphs":true,"m_FxEnabled":true},"in2DMode":false,"pivot":{"x":-0.6106204986572266,"y":0.41903114318847659,"z":0.34350109100341799},"rotation":{"x":-0.08654367923736572,"y":0.8948658108711243,"z":-0.19840578734874726,"w":-0.3903360962867737},"size":3.212177276611328,"orthographic":false}