{"cameraMode":{"drawMode":0,"name":"Shaded","section":"Shading Mode"},"sceneLighting":true,"audioPlay":false,"sceneViewState":{"m_AlwaysRefresh":false,"showFog":true,"showSkybox":true,"showFlares":true,"showImageEffects":true,"showParticleSystems":true,"showVisualEffectGraphs":true,"m_FxEnabled":true},"in2DMode":false,"pivot":{"x":-1.1675572395324708,"y":0.20241226255893708,"z":2.336451530456543},"rotation":{"x":-0.1876741200685501,"y":0.7097525000572205,"z":-0.20586855709552766,"w":-0.6470259428024292},"size":2.9168903827667238,"orthographic":false}